Student,ID,SIS User ID,SIS Login ID,Email,Section,Assignment 13,Assignment 14
Synthetic Student 410,SYN-EXP-000410,SYN-SIS-000410,synthetic410,jflores32@schoolname.example,Section B,92.57,92.78
Synthetic Student 411,SYN-EXP-000411,SYN-SIS-000411,synthetic411,kgarcia32@schoolname.example,Section C,70.99,79.85
Synthetic Student 412,SYN-EXP-000412,SYN-SIS-000412,synthetic412,lhayes32@schoolname.example,Section D,49.96,55.19
Synthetic Student 413,SYN-EXP-000413,SYN-SIS-000413,synthetic413,mibrahim32@schoolname.example,Section A,54.68,55.31
Synthetic Student 414,SYN-EXP-000414,SYN-SIS-000414,synthetic414,njohnson32@schoolname.example,Section B,39.98,43.78
Synthetic Student 415,SYN-EXP-000415,SYN-SIS-000415,synthetic415,pkim32@schoolname.example,Section C,39.99,0
Synthetic Student 416,SYN-EXP-000416,SYN-SIS-000416,synthetic416,qlewis32@schoolname.example,Section D,0,53.12
Synthetic Student 417,SYN-EXP-000417,SYN-SIS-000417,synthetic417,rmartinez32@schoolname.example,Section A,62.74,66.74
Synthetic Student 418,SYN-EXP-000418,SYN-SIS-000418,synthetic418,snelson32@schoolname.example,Section B,68.18,64.74
Synthetic Student 419,SYN-EXP-000419,SYN-SIS-000419,synthetic419,tortiz32@schoolname.example,Section C,56.67,61.64
Synthetic Student 420,SYN-EXP-000420,SYN-SIS-000420,synthetic420,vprice32@schoolname.example,Section D,49.14,51.69
Synthetic Student 421,SYN-EXP-000421,SYN-SIS-000421,synthetic421,amiller32@schoolname.example,Section A,0,54.3
Synthetic Student 422,SYN-EXP-000422,SYN-SIS-000422,synthetic422,brivera32@schoolname.example,Section B,81.53,75.06
Synthetic Student 423,SYN-EXP-000423,SYN-SIS-000423,synthetic423,cnguyen32@schoolname.example,Section C,89.72,94.01
Synthetic Student 424,SYN-EXP-000424,SYN-SIS-000424,synthetic424,dpatel32@schoolname.example,Section D,79.26,78.73
Synthetic Student 425,SYN-EXP-000425,SYN-SIS-000425,synthetic425,ebrooks32@schoolname.example,Section A,48.74,55.9
Synthetic Student 426,SYN-EXP-000426,SYN-SIS-000426,synthetic426,fchen32@schoolname.example,Section B,34.63,35.35
Synthetic Student 427,SYN-EXP-000427,SYN-SIS-000427,synthetic427,gdavis32@schoolname.example,Section C,77.03,79.12
Synthetic Student 428,SYN-EXP-000428,SYN-SIS-000428,synthetic428,hevans32@schoolname.example,Section D,50.66,0
Synthetic Student 429,SYN-EXP-000429,SYN-SIS-000429,synthetic429,iflores32@schoolname.example,Section A,28.72,35.25
Synthetic Student 430,SYN-EXP-000430,SYN-SIS-000430,synthetic430,jgarcia32@schoolname.example,Section B,74.05,78.98
Synthetic Student 431,SYN-EXP-000431,SYN-SIS-000431,synthetic431,khayes32@schoolname.example,Section C,52.94,49.55
Synthetic Student 432,SYN-EXP-000432,SYN-SIS-000432,synthetic432,librahim32@schoolname.example,Section D,0,50.76
Synthetic Student 433,SYN-EXP-000433,SYN-SIS-000433,synthetic433,mjohnson32@schoolname.example,Section A,74.5,76.65
Synthetic Student 434,SYN-EXP-000434,SYN-SIS-000434,synthetic434,nkim32@schoolname.example,Section B,33.25,34.52
Synthetic Student 435,SYN-EXP-000435,SYN-SIS-000435,synthetic435,plewis32@schoolname.example,Section C,0,66.66
Synthetic Student 436,SYN-EXP-000436,SYN-SIS-000436,synthetic436,qmartinez32@schoolname.example,Section D,30.13,40.65
Synthetic Student 437,SYN-EXP-000437,SYN-SIS-000437,synthetic437,rnelson32@schoolname.example,Section A,41.71,51.88
Synthetic Student 438,SYN-EXP-000438,SYN-SIS-000438,synthetic438,sortiz32@schoolname.example,Section B,0,57.15
Synthetic Student 439,SYN-EXP-000439,SYN-SIS-000439,synthetic439,tprice32@schoolname.example,Section C,45.62,43.61
Synthetic Student 440,SYN-EXP-000440,SYN-SIS-000440,synthetic440,vstone32@schoolname.example,Section D,86.3,0
Synthetic Student 441,SYN-EXP-000441,SYN-SIS-000441,synthetic441,arivera32@schoolname.example,Section A,30.26,45.76
Synthetic Student 442,SYN-EXP-000442,SYN-SIS-000442,synthetic442,bnguyen32@schoolname.example,Section B,24.76,33.17
Synthetic Student 443,SYN-EXP-000443,SYN-SIS-000443,synthetic443,cpatel32@schoolname.example,Section C,64.32,61.5
Synthetic Student 444,SYN-EXP-000444,SYN-SIS-000444,synthetic444,dbrooks32@schoolname.example,Section D,71.72,79.36
Synthetic Student 445,SYN-EXP-000445,SYN-SIS-000445,synthetic445,echen32@schoolname.example,Section A,50.79,53.89
Synthetic Student 446,SYN-EXP-000446,SYN-SIS-000446,synthetic446,fdavis32@schoolname.example,Section B,36.61,44.45
Synthetic Student 447,SYN-EXP-000447,SYN-SIS-000447,synthetic447,gevans32@schoolname.example,Section C,38.26,41.11
Synthetic Student 448,SYN-EXP-000448,SYN-SIS-000448,synthetic448,hflores32@schoolname.example,Section D,53.01,58.52
Synthetic Student 449,SYN-EXP-000449,SYN-SIS-000449,synthetic449,igarcia32@schoolname.example,Section A,52.5,57.62
Synthetic Student 450,SYN-EXP-000450,SYN-SIS-000450,synthetic450,jhayes32@schoolname.example,Section B,60.44,60.17
Synthetic Student 451,SYN-EXP-000451,SYN-SIS-000451,synthetic451,kibrahim32@schoolname.example,Section C,53.2,62.6
Synthetic Student 452,SYN-EXP-000452,SYN-SIS-000452,synthetic452,ljohnson32@schoolname.example,Section D,53.37,54.44
Synthetic Student 453,SYN-EXP-000453,SYN-SIS-000453,synthetic453,mkim32@schoolname.example,Section A,44.74,45.85
Synthetic Student 454,SYN-EXP-000454,SYN-SIS-000454,synthetic454,nlewis32@schoolname.example,Section B,54.7,51.41
Synthetic Student 455,SYN-EXP-000455,SYN-SIS-000455,synthetic455,pmartinez32@schoolname.example,Section C,61.91,62.83
Synthetic Student 456,SYN-EXP-000456,SYN-SIS-000456,synthetic456,qnelson32@schoolname.example,Section D,59.56,63.94
Synthetic Student 457,SYN-EXP-000457,SYN-SIS-000457,synthetic457,rortiz32@schoolname.example,Section A,47.64,53.26
Synthetic Student 458,SYN-EXP-000458,SYN-SIS-000458,synthetic458,sprice32@schoolname.example,Section B,44.87,50.48
Synthetic Student 459,SYN-EXP-000459,SYN-SIS-000459,synthetic459,tstone32@schoolname.example,Section C,43.53,44.93
Synthetic Student 460,SYN-EXP-000460,SYN-SIS-000460,synthetic460,vmiller32@schoolname.example,Section D,44.69,55.47
Synthetic Student 461,SYN-EXP-000461,SYN-SIS-000461,synthetic461,anguyen32@schoolname.example,Section A,0,65.58
Synthetic Student 462,SYN-EXP-000462,SYN-SIS-000462,synthetic462,bpatel32@schoolname.example,Section B,70.07,72.62
Synthetic Student 463,SYN-EXP-000463,SYN-SIS-000463,synthetic463,cbrooks32@schoolname.example,Section C,51.94,54.96
Synthetic Student 464,SYN-EXP-000464,SYN-SIS-000464,synthetic464,dchen32@schoolname.example,Section D,43.53,0
Synthetic Student 465,SYN-EXP-000465,SYN-SIS-000465,synthetic465,edavis32@schoolname.example,Section A,32.4,45.82
Synthetic Student 466,SYN-EXP-000466,SYN-SIS-000466,synthetic466,fevans32@schoolname.example,Section B,75.53,80.25
Synthetic Student 467,SYN-EXP-000467,SYN-SIS-000467,synthetic467,gflores32@schoolname.example,Section C,26.81,30.12
Synthetic Student 468,SYN-EXP-000468,SYN-SIS-000468,synthetic468,hgarcia32@schoolname.example,Section D,51.32,44.44
Synthetic Student 469,SYN-EXP-000469,SYN-SIS-000469,synthetic469,ihayes32@schoolname.example,Section A,65.35,59.1
Synthetic Student 470,SYN-EXP-000470,SYN-SIS-000470,synthetic470,jibrahim32@schoolname.example,Section B,71.48,80.36
Synthetic Student 471,SYN-EXP-000471,SYN-SIS-000471,synthetic471,kjohnson32@schoolname.example,Section C,44.95,43.69
Synthetic Student 472,SYN-EXP-000472,SYN-SIS-000472,synthetic472,lkim32@schoolname.example,Section D,79.15,80.54
Synthetic Student 473,SYN-EXP-000473,SYN-SIS-000473,synthetic473,mlewis32@schoolname.example,Section A,55.86,67.92
Synthetic Student 474,SYN-EXP-000474,SYN-SIS-000474,synthetic474,nmartinez32@schoolname.example,Section B,40.26,49.52
Synthetic Student 475,SYN-EXP-000475,SYN-SIS-000475,synthetic475,pnelson32@schoolname.example,Section C,75.62,75.16
Synthetic Student 476,SYN-EXP-000476,SYN-SIS-000476,synthetic476,qortiz32@schoolname.example,Section D,42.83,47.43
Synthetic Student 477,SYN-EXP-000477,SYN-SIS-000477,synthetic477,rprice32@schoolname.example,Section A,49.93,57.6
Synthetic Student 478,SYN-EXP-000478,SYN-SIS-000478,synthetic478,sstone32@schoolname.example,Section B,38.08,45.33
Synthetic Student 479,SYN-EXP-000479,SYN-SIS-000479,synthetic479,tmiller32@schoolname.example,Section C,57.62,65.91
Synthetic Student 480,SYN-EXP-000480,SYN-SIS-000480,synthetic480,vrivera32@schoolname.example,Section D,49.04,52.54
Synthetic Student 481,SYN-EXP-000481,SYN-SIS-000481,synthetic481,apatel32@schoolname.example,Section A,41.1,48.23
Synthetic Student 482,SYN-EXP-000482,SYN-SIS-000482,synthetic482,bbrooks32@schoolname.example,Section B,73.73,73.14
Synthetic Student 483,SYN-EXP-000483,SYN-SIS-000483,synthetic483,cchen32@schoolname.example,Section C,0,52.95
Synthetic Student 484,SYN-EXP-000484,SYN-SIS-000484,synthetic484,ddavis32@schoolname.example,Section D,23.24,22.46
Synthetic Student 485,SYN-EXP-000485,SYN-SIS-000485,synthetic485,eevans32@schoolname.example,Section A,46.21,51.05
Synthetic Student 486,SYN-EXP-000486,SYN-SIS-000486,synthetic486,fflores33@schoolname.example,Section B,44.47,47.89
Synthetic Student 487,SYN-EXP-000487,SYN-SIS-000487,synthetic487,ggarcia33@schoolname.example,Section C,59.21,69.64
Synthetic Student 488,SYN-EXP-000488,SYN-SIS-000488,synthetic488,hhayes33@schoolname.example,Section D,51.08,52.26
Synthetic Student 489,SYN-EXP-000489,SYN-SIS-000489,synthetic489,iibrahim33@schoolname.example,Section A,35.55,43.31
Synthetic Student 490,SYN-EXP-000490,SYN-SIS-000490,synthetic490,jjohnson33@schoolname.example,Section B,38.96,46.59
Synthetic Student 491,SYN-EXP-000491,SYN-SIS-000491,synthetic491,kkim33@schoolname.example,Section C,24.09,24.39
Synthetic Student 492,SYN-EXP-000492,SYN-SIS-000492,synthetic492,llewis33@schoolname.example,Section D,49.95,50.46
Synthetic Student 493,SYN-EXP-000493,SYN-SIS-000493,synthetic493,mmartinez33@schoolname.example,Section A,56.05,58.76
Synthetic Student 494,SYN-EXP-000494,SYN-SIS-000494,synthetic494,nnelson33@schoolname.example,Section B,51.1,55.86
Synthetic Student 495,SYN-EXP-000495,SYN-SIS-000495,synthetic495,portiz33@schoolname.example,Section C,85.68,82.82
Synthetic Student 496,SYN-EXP-000496,SYN-SIS-000496,synthetic496,qprice33@schoolname.example,Section D,98.91,91.13
Synthetic Student 497,SYN-EXP-000497,SYN-SIS-000497,synthetic497,rstone33@schoolname.example,Section A,28.72,35.01
Synthetic Student 498,SYN-EXP-000498,SYN-SIS-000498,synthetic498,smiller33@schoolname.example,Section B,79.63,82.47
Synthetic Student 499,SYN-EXP-000499,SYN-SIS-000499,synthetic499,trivera33@schoolname.example,Section C,30.5,0
Synthetic Student 500,SYN-EXP-000500,SYN-SIS-000500,synthetic500,vnguyen33@schoolname.example,Section D,52.27,62.81
Synthetic Student 501,SYN-EXP-000501,SYN-SIS-000501,synthetic501,abrooks33@schoolname.example,Section A,46.32,0
Synthetic Student 502,SYN-EXP-000502,SYN-SIS-000502,synthetic502,bchen33@schoolname.example,Section B,48.94,58.88
Synthetic Student 503,SYN-EXP-000503,SYN-SIS-000503,synthetic503,cdavis33@schoolname.example,Section C,70.45,82.04
Synthetic Student 504,SYN-EXP-000504,SYN-SIS-000504,synthetic504,devans33@schoolname.example,Section D,76.58,85.77
Synthetic Student 505,SYN-EXP-000505,SYN-SIS-000505,synthetic505,eflores33@schoolname.example,Section A,55.28,60.83
Synthetic Student 506,SYN-EXP-000506,SYN-SIS-000506,synthetic506,fgarcia33@schoolname.example,Section B,56.06,61.82
Synthetic Student 507,SYN-EXP-000507,SYN-SIS-000507,synthetic507,ghayes33@schoolname.example,Section C,25.83,33.25
Synthetic Student 508,SYN-EXP-000508,SYN-SIS-000508,synthetic508,hibrahim33@schoolname.example,Section D,33.58,46.32
Synthetic Student 509,SYN-EXP-000509,SYN-SIS-000509,synthetic509,ijohnson33@schoolname.example,Section A,49.51,56.42
Synthetic Student 510,SYN-EXP-000510,SYN-SIS-000510,synthetic510,jkim33@schoolname.example,Section B,37.65,47.07
Synthetic Student 511,SYN-EXP-000511,SYN-SIS-000511,synthetic511,klewis33@schoolname.example,Section C,27.06,33.93
Synthetic Student 512,SYN-EXP-000512,SYN-SIS-000512,synthetic512,lmartinez33@schoolname.example,Section D,25.8,24.64
Synthetic Student 513,SYN-EXP-000513,SYN-SIS-000513,synthetic513,mnelson33@schoolname.example,Section A,7.88,15.15
Synthetic Student 514,SYN-EXP-000514,SYN-SIS-000514,synthetic514,nortiz33@schoolname.example,Section B,62.32,68.44
Synthetic Student 515,SYN-EXP-000515,SYN-SIS-000515,synthetic515,pprice33@schoolname.example,Section C,45.38,49.03
Synthetic Student 516,SYN-EXP-000516,SYN-SIS-000516,synthetic516,qstone33@schoolname.example,Section D,49.3,50.33
Synthetic Student 517,SYN-EXP-000517,SYN-SIS-000517,synthetic517,rmiller33@schoolname.example,Section A,51.27,59.53
Synthetic Student 518,SYN-EXP-000518,SYN-SIS-000518,synthetic518,srivera33@schoolname.example,Section B,51.32,52.59
Synthetic Student 519,SYN-EXP-000519,SYN-SIS-000519,synthetic519,tnguyen33@schoolname.example,Section C,48.58,0
Synthetic Student 520,SYN-EXP-000520,SYN-SIS-000520,synthetic520,vpatel33@schoolname.example,Section D,62.95,66.06
Synthetic Student 521,SYN-EXP-000521,SYN-SIS-000521,synthetic521,achen33@schoolname.example,Section A,63.65,70.43
Synthetic Student 522,SYN-EXP-000522,SYN-SIS-000522,synthetic522,bdavis33@schoolname.example,Section B,41.66,45.59
Synthetic Student 523,SYN-EXP-000523,SYN-SIS-000523,synthetic523,cevans33@schoolname.example,Section C,33.25,39.18
Synthetic Student 524,SYN-EXP-000524,SYN-SIS-000524,synthetic524,dflores33@schoolname.example,Section D,0,0
Synthetic Student 525,SYN-EXP-000525,SYN-SIS-000525,synthetic525,egarcia33@schoolname.example,Section A,46.83,57.22
Synthetic Student 526,SYN-EXP-000526,SYN-SIS-000526,synthetic526,fhayes33@schoolname.example,Section B,82.89,81.28
Synthetic Student 527,SYN-EXP-000527,SYN-SIS-000527,synthetic527,gibrahim33@schoolname.example,Section C,84.51,85.04
Synthetic Student 528,SYN-EXP-000528,SYN-SIS-000528,synthetic528,hjohnson33@schoolname.example,Section D,72.39,84.35
Synthetic Student 529,SYN-EXP-000529,SYN-SIS-000529,synthetic529,ikim33@schoolname.example,Section A,0,73.17
Synthetic Student 530,SYN-EXP-000530,SYN-SIS-000530,synthetic530,jlewis33@schoolname.example,Section B,51.38,57.99
Synthetic Student 531,SYN-EXP-000531,SYN-SIS-000531,synthetic531,kmartinez33@schoolname.example,Section C,31.55,38.1
Synthetic Student 532,SYN-EXP-000532,SYN-SIS-000532,synthetic532,lnelson33@schoolname.example,Section D,44.76,42.68
Synthetic Student 533,SYN-EXP-000533,SYN-SIS-000533,synthetic533,mortiz33@schoolname.example,Section A,49.57,57.97
Synthetic Student 534,SYN-EXP-000534,SYN-SIS-000534,synthetic534,nprice33@schoolname.example,Section B,48.55,56.07
Synthetic Student 535,SYN-EXP-000535,SYN-SIS-000535,synthetic535,pstone33@schoolname.example,Section C,36.14,46.87
Synthetic Student 536,SYN-EXP-000536,SYN-SIS-000536,synthetic536,qmiller33@schoolname.example,Section D,0,72.51
Synthetic Student 537,SYN-EXP-000537,SYN-SIS-000537,synthetic537,rrivera33@schoolname.example,Section A,18.61,26.79
Synthetic Student 538,SYN-EXP-000538,SYN-SIS-000538,synthetic538,snguyen33@schoolname.example,Section B,53.35,63.12
Synthetic Student 539,SYN-EXP-000539,SYN-SIS-000539,synthetic539,tpatel33@schoolname.example,Section C,56.28,65.31
Synthetic Student 540,SYN-EXP-000540,SYN-SIS-000540,synthetic540,vbrooks33@schoolname.example,Section D,57.2,66.32
Synthetic Student 541,SYN-EXP-000541,SYN-SIS-000541,synthetic541,adavis33@schoolname.example,Section A,40.31,51.25
Synthetic Student 542,SYN-EXP-000542,SYN-SIS-000542,synthetic542,bevans33@schoolname.example,Section B,35.39,46.28
Synthetic Student 543,SYN-EXP-000543,SYN-SIS-000543,synthetic543,cflores33@schoolname.example,Section C,41.64,43.39
Synthetic Student 544,SYN-EXP-000544,SYN-SIS-000544,synthetic544,dgarcia33@schoolname.example,Section D,49.59,53.17
Synthetic Student 545,SYN-EXP-000545,SYN-SIS-000545,synthetic545,ehayes33@schoolname.example,Section A,62.76,71.77
Synthetic Student 546,SYN-EXP-000546,SYN-SIS-000546,synthetic546,fibrahim33@schoolname.example,Section B,56.25,63.25
Synthetic Student 547,SYN-EXP-000547,SYN-SIS-000547,synthetic547,gjohnson33@schoolname.example,Section C,49.21,56.55
Synthetic Student 548,SYN-EXP-000548,SYN-SIS-000548,synthetic548,hkim33@schoolname.example,Section D,44.31,49.8
Synthetic Student 549,SYN-EXP-000549,SYN-SIS-000549,synthetic549,ilewis33@schoolname.example,Section A,46.58,44.13
Synthetic Student 550,SYN-EXP-000550,SYN-SIS-000550,synthetic550,jmartinez33@schoolname.example,Section B,46.14,46.37
Synthetic Student 551,SYN-EXP-000551,SYN-SIS-000551,synthetic551,knelson33@schoolname.example,Section C,67.29,75.5
Synthetic Student 552,SYN-EXP-000552,SYN-SIS-000552,synthetic552,lortiz33@schoolname.example,Section D,64.54,64.78
Synthetic Student 553,SYN-EXP-000553,SYN-SIS-000553,synthetic553,mprice33@schoolname.example,Section A,53,64.53
Synthetic Student 554,SYN-EXP-000554,SYN-SIS-000554,synthetic554,nstone33@schoolname.example,Section B,43.94,52.31
Synthetic Student 555,SYN-EXP-000555,SYN-SIS-000555,synthetic555,pmiller33@schoolname.example,Section C,72.95,84.08
Synthetic Student 556,SYN-EXP-000556,SYN-SIS-000556,synthetic556,qrivera33@schoolname.example,Section D,31.17,33.55
Synthetic Student 557,SYN-EXP-000557,SYN-SIS-000557,synthetic557,rnguyen33@schoolname.example,Section A,29.98,25.92
Synthetic Student 558,SYN-EXP-000558,SYN-SIS-000558,synthetic558,spatel33@schoolname.example,Section B,82.9,90.52
Synthetic Student 559,SYN-EXP-000559,SYN-SIS-000559,synthetic559,tbrooks33@schoolname.example,Section C,30.95,24.52
Synthetic Student 560,SYN-EXP-000560,SYN-SIS-000560,synthetic560,vchen33@schoolname.example,Section D,60.64,64.32
Synthetic Student 561,SYN-EXP-000561,SYN-SIS-000561,synthetic561,aevans33@schoolname.example,Section A,64.36,67.73
Synthetic Student 562,SYN-EXP-000562,SYN-SIS-000562,synthetic562,bflores33@schoolname.example,Section B,86.25,86.33
Synthetic Student 563,SYN-EXP-000563,SYN-SIS-000563,synthetic563,cgarcia33@schoolname.example,Section C,46.77,48.27
Synthetic Student 564,SYN-EXP-000564,SYN-SIS-000564,synthetic564,dhayes33@schoolname.example,Section D,77.87,78.5
Synthetic Student 565,SYN-EXP-000565,SYN-SIS-000565,synthetic565,eibrahim33@schoolname.example,Section A,32.85,39.76
Synthetic Student 566,SYN-EXP-000566,SYN-SIS-000566,synthetic566,fjohnson33@schoolname.example,Section B,56.4,53.39
Synthetic Student 567,SYN-EXP-000567,SYN-SIS-000567,synthetic567,gkim33@schoolname.example,Section C,46.42,52.98
Synthetic Student 568,SYN-EXP-000568,SYN-SIS-000568,synthetic568,hlewis33@schoolname.example,Section D,46.2,51.83
Synthetic Student 569,SYN-EXP-000569,SYN-SIS-000569,synthetic569,imartinez33@schoolname.example,Section A,55.68,0
Synthetic Student 570,SYN-EXP-000570,SYN-SIS-000570,synthetic570,jnelson33@schoolname.example,Section B,60.94,68.84
Synthetic Student 571,SYN-EXP-000571,SYN-SIS-000571,synthetic571,kortiz33@schoolname.example,Section C,30.62,43.4
Synthetic Student 572,SYN-EXP-000572,SYN-SIS-000572,synthetic572,lprice33@schoolname.example,Section D,72.21,80.83
Synthetic Student 573,SYN-EXP-000573,SYN-SIS-000573,synthetic573,mstone33@schoolname.example,Section A,50.45,51.72
Synthetic Student 574,SYN-EXP-000574,SYN-SIS-000574,synthetic574,nmiller33@schoolname.example,Section B,33.9,35.76
Synthetic Student 575,SYN-EXP-000575,SYN-SIS-000575,synthetic575,privera34@schoolname.example,Section C,14.17,22.16
Synthetic Student 576,SYN-EXP-000576,SYN-SIS-000576,synthetic576,qnguyen34@schoolname.example,Section D,61.14,69.32
Synthetic Student 577,SYN-EXP-000577,SYN-SIS-000577,synthetic577,rpatel34@schoolname.example,Section A,35.2,41.92
Synthetic Student 578,SYN-EXP-000578,SYN-SIS-000578,synthetic578,sbrooks34@schoolname.example,Section B,42.88,45.25
Synthetic Student 579,SYN-EXP-000579,SYN-SIS-000579,synthetic579,tchen34@schoolname.example,Section C,44,45.53
Synthetic Student 580,SYN-EXP-000580,SYN-SIS-000580,synthetic580,vdavis34@schoolname.example,Section D,37.8,52.54
Synthetic Student 581,SYN-EXP-000581,SYN-SIS-000581,synthetic581,aflores34@schoolname.example,Section A,69.41,79.26
Synthetic Student 582,SYN-EXP-000582,SYN-SIS-000582,synthetic582,bgarcia34@schoolname.example,Section B,40.05,49.72
Synthetic Student 583,SYN-EXP-000583,SYN-SIS-000583,synthetic583,chayes34@schoolname.example,Section C,47.49,59.17
Synthetic Student 584,SYN-EXP-000584,SYN-SIS-000584,synthetic584,dibrahim34@schoolname.example,Section D,47.04,59.89
Synthetic Student 585,SYN-EXP-000585,SYN-SIS-000585,synthetic585,ejohnson34@schoolname.example,Section A,53.43,70.73
Synthetic Student 586,SYN-EXP-000586,SYN-SIS-000586,synthetic586,fkim34@schoolname.example,Section B,35.66,44.36
Synthetic Student 587,SYN-EXP-000587,SYN-SIS-000587,synthetic587,glewis34@schoolname.example,Section C,38.76,49.26
Synthetic Student 588,SYN-EXP-000588,SYN-SIS-000588,synthetic588,hmartinez34@schoolname.example,Section D,55.11,62.75
Synthetic Student 589,SYN-EXP-000589,SYN-SIS-000589,synthetic589,inelson34@schoolname.example,Section A,0,78.62
Synthetic Student 590,SYN-EXP-000590,SYN-SIS-000590,synthetic590,jortiz34@schoolname.example,Section B,81.48,92.93
Synthetic Student 591,SYN-EXP-000591,SYN-SIS-000591,synthetic591,kprice34@schoolname.example,Section C,59.65,68.87
Synthetic Student 592,SYN-EXP-000592,SYN-SIS-000592,synthetic592,lstone34@schoolname.example,Section D,0,18.05
Synthetic Student 593,SYN-EXP-000593,SYN-SIS-000593,synthetic593,mmiller34@schoolname.example,Section A,39.94,42.87
Synthetic Student 594,SYN-EXP-000594,SYN-SIS-000594,synthetic594,nrivera34@schoolname.example,Section B,78.88,90.04
Synthetic Student 595,SYN-EXP-000595,SYN-SIS-000595,synthetic595,pnguyen34@schoolname.example,Section C,24.61,30.11
Synthetic Student 596,SYN-EXP-000596,SYN-SIS-000596,synthetic596,qpatel34@schoolname.example,Section D,21.38,30.9
Synthetic Student 597,SYN-EXP-000597,SYN-SIS-000597,synthetic597,rbrooks34@schoolname.example,Section A,36.27,42.26
Synthetic Student 598,SYN-EXP-000598,SYN-SIS-000598,synthetic598,schen34@schoolname.example,Section B,44.88,41.63
Synthetic Student 599,SYN-EXP-000599,SYN-SIS-000599,synthetic599,tdavis34@schoolname.example,Section C,0,48.71
Synthetic Student 600,SYN-EXP-000600,SYN-SIS-000600,synthetic600,vevans34@schoolname.example,Section D,31.32,0
Synthetic Student 601,SYN-EXP-000601,SYN-SIS-000601,synthetic601,agarcia34@schoolname.example,Section A,80.08,83.27
Synthetic Student 602,SYN-EXP-000602,SYN-SIS-000602,synthetic602,bhayes34@schoolname.example,Section B,38.92,48.14
Synthetic Student 603,SYN-EXP-000603,SYN-SIS-000603,synthetic603,cibrahim34@schoolname.example,Section C,69.34,73.1
Synthetic Student 604,SYN-EXP-000604,SYN-SIS-000604,synthetic604,djohnson34@schoolname.example,Section D,93.06,92.63
Synthetic Student 605,SYN-EXP-000605,SYN-SIS-000605,synthetic605,ekim34@schoolname.example,Section A,0,85.68
Synthetic Student 606,SYN-EXP-000606,SYN-SIS-000606,synthetic606,flewis34@schoolname.example,Section B,0,0
Synthetic Student 607,SYN-EXP-000607,SYN-SIS-000607,synthetic607,gmartinez34@schoolname.example,Section C,63.22,65.96
Synthetic Student 608,SYN-EXP-000608,SYN-SIS-000608,synthetic608,hnelson34@schoolname.example,Section D,45.98,52.35
Synthetic Student 609,SYN-EXP-000609,SYN-SIS-000609,synthetic609,iortiz34@schoolname.example,Section A,87.59,87.93
Synthetic Student 610,SYN-EXP-000610,SYN-SIS-000610,synthetic610,jprice34@schoolname.example,Section B,17.39,15.31
Synthetic Student 611,SYN-EXP-000611,SYN-SIS-000611,synthetic611,kstone34@schoolname.example,Section C,20.36,33.75
Synthetic Student 612,SYN-EXP-000612,SYN-SIS-000612,synthetic612,lmiller34@schoolname.example,Section D,30.12,37.75
Synthetic Student 613,SYN-EXP-000613,SYN-SIS-000613,synthetic613,mrivera34@schoolname.example,Section A,29.79,39.8
Synthetic Student 614,SYN-EXP-000614,SYN-SIS-000614,synthetic614,nnguyen34@schoolname.example,Section B,20.57,0
Synthetic Student 615,SYN-EXP-000615,SYN-SIS-000615,synthetic615,ppatel34@schoolname.example,Section C,93.05,88.34
Synthetic Student 616,SYN-EXP-000616,SYN-SIS-000616,synthetic616,qbrooks34@schoolname.example,Section D,64.56,67.55
Synthetic Student 617,SYN-EXP-000617,SYN-SIS-000617,synthetic617,rchen34@schoolname.example,Section A,41.77,51.32
Synthetic Student 618,SYN-EXP-000618,SYN-SIS-000618,synthetic618,sdavis34@schoolname.example,Section B,33.38,0
Synthetic Student 619,SYN-EXP-000619,SYN-SIS-000619,synthetic619,tevans34@schoolname.example,Section C,73.46,77.78
Synthetic Student 620,SYN-EXP-000620,SYN-SIS-000620,synthetic620,vflores34@schoolname.example,Section D,15.97,29.22
Synthetic Student 621,SYN-EXP-000621,SYN-SIS-000621,synthetic621,ahayes34@schoolname.example,Section A,34.07,38.89
Synthetic Student 622,SYN-EXP-000622,SYN-SIS-000622,synthetic622,bibrahim34@schoolname.example,Section B,61.67,65.91
Synthetic Student 623,SYN-EXP-000623,SYN-SIS-000623,synthetic623,cjohnson34@schoolname.example,Section C,45.26,46.19
Synthetic Student 624,SYN-EXP-000624,SYN-SIS-000624,synthetic624,dkim34@schoolname.example,Section D,46.66,51.22
Synthetic Student 625,SYN-EXP-000625,SYN-SIS-000625,synthetic625,elewis34@schoolname.example,Section A,31.06,0
Synthetic Student 626,SYN-EXP-000626,SYN-SIS-000626,synthetic626,fmartinez34@schoolname.example,Section B,41.26,52.48
Synthetic Student 627,SYN-EXP-000627,SYN-SIS-000627,synthetic627,gnelson34@schoolname.example,Section C,53.12,61.5
Synthetic Student 628,SYN-EXP-000628,SYN-SIS-000628,synthetic628,hortiz34@schoolname.example,Section D,85.56,92.87
Synthetic Student 629,SYN-EXP-000629,SYN-SIS-000629,synthetic629,iprice34@schoolname.example,Section A,71.91,78.32
Synthetic Student 630,SYN-EXP-000630,SYN-SIS-000630,synthetic630,jstone34@schoolname.example,Section B,43.55,46.77
Synthetic Student 631,SYN-EXP-000631,SYN-SIS-000631,synthetic631,kmiller34@schoolname.example,Section C,21.08,27.77
Synthetic Student 632,SYN-EXP-000632,SYN-SIS-000632,synthetic632,lrivera34@schoolname.example,Section D,81.19,82.31
Synthetic Student 633,SYN-EXP-000633,SYN-SIS-000633,synthetic633,mnguyen34@schoolname.example,Section A,59.39,64.01
Synthetic Student 634,SYN-EXP-000634,SYN-SIS-000634,synthetic634,npatel35@schoolname.example,Section B,75.75,82.03
Synthetic Student 635,SYN-EXP-000635,SYN-SIS-000635,synthetic635,pbrooks35@schoolname.example,Section C,79.02,80.15
Synthetic Student 636,SYN-EXP-000636,SYN-SIS-000636,synthetic636,qchen35@schoolname.example,Section D,0,68.82
Synthetic Student 637,SYN-EXP-000637,SYN-SIS-000637,synthetic637,rdavis35@schoolname.example,Section A,50.39,61.06
Synthetic Student 638,SYN-EXP-000638,SYN-SIS-000638,synthetic638,sevans35@schoolname.example,Section B,57.93,60.78
Synthetic Student 639,SYN-EXP-000639,SYN-SIS-000639,synthetic639,tflores35@schoolname.example,Section C,45.52,0
Synthetic Student 640,SYN-EXP-000640,SYN-SIS-000640,synthetic640,vgarcia35@schoolname.example,Section D,48.17,54.36
Synthetic Student 641,SYN-EXP-000641,SYN-SIS-000641,synthetic641,aibrahim35@schoolname.example,Section A,25.49,36.03
Synthetic Student 642,SYN-EXP-000642,SYN-SIS-000642,synthetic642,bjohnson35@schoolname.example,Section B,55.92,67.95
Synthetic Student 643,SYN-EXP-000643,SYN-SIS-000643,synthetic643,ckim35@schoolname.example,Section C,29.29,31.93
Synthetic Student 644,SYN-EXP-000644,SYN-SIS-000644,synthetic644,dlewis35@schoolname.example,Section D,87.05,97.31
Synthetic Student 645,SYN-EXP-000645,SYN-SIS-000645,synthetic645,emartinez35@schoolname.example,Section A,15.27,27.56
Synthetic Student 646,SYN-EXP-000646,SYN-SIS-000646,synthetic646,fnelson35@schoolname.example,Section B,28.68,37.79
Synthetic Student 647,SYN-EXP-000647,SYN-SIS-000647,synthetic647,gortiz35@schoolname.example,Section C,54.46,63.14
Synthetic Student 648,SYN-EXP-000648,SYN-SIS-000648,synthetic648,hprice35@schoolname.example,Section D,5.31,21.01
Synthetic Student 649,SYN-EXP-000649,SYN-SIS-000649,synthetic649,istone35@schoolname.example,Section A,21.36,26.76
Synthetic Student 650,SYN-EXP-000650,SYN-SIS-000650,synthetic650,jmiller35@schoolname.example,Section B,0,82.54
Synthetic Student 651,SYN-EXP-000651,SYN-SIS-000651,synthetic651,krivera35@schoolname.example,Section C,20.87,31.8
Synthetic Student 652,SYN-EXP-000652,SYN-SIS-000652,synthetic652,lnguyen35@schoolname.example,Section D,39.86,54.87
Synthetic Student 653,SYN-EXP-000653,SYN-SIS-000653,synthetic653,mpatel35@schoolname.example,Section A,64.89,65.53
Synthetic Student 654,SYN-EXP-000654,SYN-SIS-000654,synthetic654,nbrooks35@schoolname.example,Section B,52.33,51.33
Synthetic Student 655,SYN-EXP-000655,SYN-SIS-000655,synthetic655,pchen35@schoolname.example,Section C,49.9,67.13
Synthetic Student 656,SYN-EXP-000656,SYN-SIS-000656,synthetic656,qdavis35@schoolname.example,Section D,84.64,77.36
Synthetic Student 657,SYN-EXP-000657,SYN-SIS-000657,synthetic657,revans35@schoolname.example,Section A,28.04,41.31
Synthetic Student 658,SYN-EXP-000658,SYN-SIS-000658,synthetic658,sflores35@schoolname.example,Section B,31.52,40.98
Synthetic Student 659,SYN-EXP-000659,SYN-SIS-000659,synthetic659,tgarcia35@schoolname.example,Section C,31.27,41.12
Synthetic Student 660,SYN-EXP-000660,SYN-SIS-000660,synthetic660,vhayes35@schoolname.example,Section D,46.48,50.05
Synthetic Student 661,SYN-EXP-000661,SYN-SIS-000661,synthetic661,ajohnson35@schoolname.example,Section A,60.2,67.31
Synthetic Student 662,SYN-EXP-000662,SYN-SIS-000662,synthetic662,bkim35@schoolname.example,Section B,26.89,31.12
Synthetic Student 663,SYN-EXP-000663,SYN-SIS-000663,synthetic663,clewis35@schoolname.example,Section C,21.09,28.7
Synthetic Student 664,SYN-EXP-000664,SYN-SIS-000664,synthetic664,dmartinez35@schoolname.example,Section D,69.75,79.57
Synthetic Student 665,SYN-EXP-000665,SYN-SIS-000665,synthetic665,enelson35@schoolname.example,Section A,48.41,40.9
Synthetic Student 666,SYN-EXP-000666,SYN-SIS-000666,synthetic666,fortiz35@schoolname.example,Section B,10.84,17.61
Synthetic Student 667,SYN-EXP-000667,SYN-SIS-000667,synthetic667,gprice35@schoolname.example,Section C,43.8,44.91
Synthetic Student 668,SYN-EXP-000668,SYN-SIS-000668,synthetic668,hstone35@schoolname.example,Section D,18.05,28.74
Synthetic Student 669,SYN-EXP-000669,SYN-SIS-000669,synthetic669,imiller35@schoolname.example,Section A,68.94,69.14
Synthetic Student 670,SYN-EXP-000670,SYN-SIS-000670,synthetic670,jrivera35@schoolname.example,Section B,55.88,65.16
Synthetic Student 671,SYN-EXP-000671,SYN-SIS-000671,synthetic671,knguyen35@schoolname.example,Section C,44.02,55.37
Synthetic Student 672,SYN-EXP-000672,SYN-SIS-000672,synthetic672,lpatel35@schoolname.example,Section D,31.74,29.35
Synthetic Student 673,SYN-EXP-000673,SYN-SIS-000673,synthetic673,mbrooks35@schoolname.example,Section A,63.01,69.61
Synthetic Student 674,SYN-EXP-000674,SYN-SIS-000674,synthetic674,nchen35@schoolname.example,Section B,0,60.09
Synthetic Student 675,SYN-EXP-000675,SYN-SIS-000675,synthetic675,pdavis35@schoolname.example,Section C,55.23,62.93
Synthetic Student 676,SYN-EXP-000676,SYN-SIS-000676,synthetic676,qevans35@schoolname.example,Section D,49.83,52.31
Synthetic Student 677,SYN-EXP-000677,SYN-SIS-000677,synthetic677,rflores35@schoolname.example,Section A,0,21.34
Synthetic Student 678,SYN-EXP-000678,SYN-SIS-000678,synthetic678,sgarcia35@schoolname.example,Section B,66.95,69.38
Synthetic Student 679,SYN-EXP-000679,SYN-SIS-000679,synthetic679,thayes35@schoolname.example,Section C,0,50.76
Synthetic Student 680,SYN-EXP-000680,SYN-SIS-000680,synthetic680,vibrahim35@schoolname.example,Section D,76.36,78.95
Synthetic Student 681,SYN-EXP-000681,SYN-SIS-000681,synthetic681,akim35@schoolname.example,Section A,50.82,54.61
Synthetic Student 682,SYN-EXP-000682,SYN-SIS-000682,synthetic682,blewis35@schoolname.example,Section B,56.57,62.64
Synthetic Student 683,SYN-EXP-000683,SYN-SIS-000683,synthetic683,cmartinez35@schoolname.example,Section C,79.66,78.51
Synthetic Student 684,SYN-EXP-000684,SYN-SIS-000684,synthetic684,dnelson35@schoolname.example,Section D,41.18,43.57
Synthetic Student 685,SYN-EXP-000685,SYN-SIS-000685,synthetic685,eortiz35@schoolname.example,Section A,39.71,44.95
Synthetic Student 686,SYN-EXP-000686,SYN-SIS-000686,synthetic686,fprice35@schoolname.example,Section B,49.07,60.17
Synthetic Student 687,SYN-EXP-000687,SYN-SIS-000687,synthetic687,gstone35@schoolname.example,Section C,0,39.71
Synthetic Student 688,SYN-EXP-000688,SYN-SIS-000688,synthetic688,hmiller35@schoolname.example,Section D,72.66,87.31
Synthetic Student 689,SYN-EXP-000689,SYN-SIS-000689,synthetic689,irivera35@schoolname.example,Section A,0,29.24
Synthetic Student 690,SYN-EXP-000690,SYN-SIS-000690,synthetic690,jnguyen35@schoolname.example,Section B,21.88,33.07
Synthetic Student 691,SYN-EXP-000691,SYN-SIS-000691,synthetic691,kpatel35@schoolname.example,Section C,6.43,10.88
Synthetic Student 692,SYN-EXP-000692,SYN-SIS-000692,synthetic692,lbrooks35@schoolname.example,Section D,41.56,51.97
Synthetic Student 693,SYN-EXP-000693,SYN-SIS-000693,synthetic693,mchen35@schoolname.example,Section A,36.89,42.68
Synthetic Student 694,SYN-EXP-000694,SYN-SIS-000694,synthetic694,ndavis35@schoolname.example,Section B,23.83,31.77
Synthetic Student 695,SYN-EXP-000695,SYN-SIS-000695,synthetic695,pevans35@schoolname.example,Section C,39.47,48.76
Synthetic Student 696,SYN-EXP-000696,SYN-SIS-000696,synthetic696,qflores35@schoolname.example,Section D,33.15,32.12
